field	cost_type	model_name	name	label1	label2	label3 	label	description
salbaldesign	salaries	salbal	Salaries related to sample, official, provisional and VBM ballots	Ballot layout and design in-house			Ballot layout and design in-house  	Costs to layout, design and proof ballots by in-house staff.
salbaltrans	salaries	salbal	Salaries related to sample, official, provisional and VBM ballots	Ballot translation in-house			Ballot translation in-house  	Costs to translate ballots by in-house staff.
salbalorder	salaries	salbal	Salaries related to sample, official, provisional and VBM ballots	Ballot ordering			Ballot ordering  	Ballot ordering includes preparation of competitive bids, analysis of bids, contract preparation and review, bid award process, and other by in-house staff.
salbalmail	salaries	salbal	Salaries related to sample, official, provisional and VBM ballots	Sample ballot mailing 			Sample ballot mailing   	Sample ballot mailing includes coordinating with USPS, contract with mail vendor, labeling sample ballots, and other ballot mailing activities performed by in-house staff.
salbalother	salaries	salbal	Salaries related to sample, official, provisional and VBM ballots	Other 			Other   	Other in-house labor related to ballots, such as: data entry, quality control, invoice review and payment, etc.
salbaltotal	salaries	salbal	Salaries related to sample, official, provisional and VBM ballots	Total salaries			Total salaries  	Total salaries for in-house staff performing tasks related to sample, official, provisional and VBM ballots, including ballot layout and design, ballot translation, ballot ordering, sample ballot mailing arrangements, and other. 
salbalpsrp	salaries	salbal	Salaries related to sample, official, provisional and VBM ballots	Salaries	Permanent staff - regular pay		Salaries Permanent staff - regular pay 	Permanent staff regular pay for performing tasks related to sample, official, provisional and VBM ballots, including ballot layout and design, ballot translation, ballot ordering, sample ballot mailing arrangements, and other. 
salbalpsop	salaries	salbal	Salaries related to sample, official, provisional and VBM ballots	Salaries	Permanent staff - overtime pay		Salaries Permanent staff - overtime pay 	Permanent staff overtime pay for performing tasks related to sample, official, provisional and VBM ballots, including ballot layout and design, ballot translation, ballot ordering, sample ballot mailing arrangements, and other. 
salbaltsrp	salaries	salbal	Salaries related to sample, official, provisional and VBM ballots	Salaries	Temporary staff - regular pay		Salaries Temporary staff - regular pay 	Temporary staff regular pay for performing tasks related to sample, official, provisional and VBM ballots, including ballot layout and design, ballot translation, ballot ordering, sample ballot mailing arrangements, and other. 
salbaltsop	salaries	salbal	Salaries related to sample, official, provisional and VBM ballots	Salaries	Temporary staff - overtime pay		Salaries Temporary staff - overtime pay 	Temporary staff overtime pay for performing tasks related to sample, official, provisional and VBM ballots, including ballot layout and design, ballot translation, ballot ordering, sample ballot mailing arrangements, and other. 
salbaltotbe	salaries	salbal	Salaries related to sample, official, provisional and VBM ballots	Total benefits - in dollars			Total benefits - in dollars  	Total benefits in dollars for in-house staff performing tasks related to sample, official, provisional and VBM ballots, including ballot layout and design, ballot translation, ballot ordering, sample ballot mailing arrangements, and other.
salbaltotbep	salaries	salbal	Salaries related to sample, official, provisional and VBM ballots	Total benefits - in percent			Total benefits - in percent  	Total benefits in percent for in-house staff performing tasks related to sample, official, provisional and VBM ballots, including ballot layout and design, ballot translation, ballot ordering, sample ballot mailing arrangements, and other.
salbalbeps	salaries	salbal	Salaries related to sample, official, provisional and VBM ballots	Benefits	Permanent staff - in dollars		Benefits Permanent staff - in dollars 	Total benefits in dollars for permanent staff performing tasks related to sample, official, provisional and VBM ballots, including ballot layout and design, ballot translation, ballot ordering, sample ballot mailing arrangements, and other.
salbalbepsp	salaries	salbal	Salaries related to sample, official, provisional and VBM ballots	Benefits	Permanent staff - in percent		Benefits Permanent staff - in percent 	Total benefits in percent for permanent staff performing tasks related to sample, official, provisional and VBM ballots, including ballot layout and design, ballot translation, ballot ordering, sample ballot mailing arrangements, and other.
salbalbets	salaries	salbal	Salaries related to sample, official, provisional and VBM ballots	Benefits	Temporary staff  - in dollars		Benefits Temporary staff  - in dollars 	Total benefits in dollars for temporary staff performing tasks related to sample, official, provisional and VBM ballots, including ballot layout and design, ballot translation, ballot ordering, sample ballot mailing arrangements, and other.
salbalbetsp	salaries	salbal	Salaries related to sample, official, provisional and VBM ballots	Benefits	Temporary staff - in percent		Benefits Temporary staff - in percent 	Total benefits in percent for temporary staff performing tasks related to sample, official, provisional and VBM ballots, including ballot layout and design, ballot translation, ballot ordering, sample ballot mailing arrangements, and other.
salbaltothrs	salaries	salbal	Salaries related to sample, official, provisional and VBM ballots	Total hours worked			Total hours worked  	Total hours worked by in-house staff on tasks related to sample, official, provisional and VBM ballots, including ballot layout and design, ballot translation, ballot ordering, sample ballot mailing arrangements, and other. 
salbalhrsps	salaries	salbal	Salaries related to sample, official, provisional and VBM ballots	Hours worked	Permanent staff		Hours worked Permanent staff 	Hours worked by permanent staff on tasks related to sample, official, provisional and VBM ballots, including ballot layout and design, ballot translation, ballot ordering, sample ballot mailing arrangements, and other. 
salbalhrsts	salaries	salbal	Salaries related to sample, official, provisional and VBM ballots	Hours worked	Temporary staff		Hours worked Temporary staff 	Hours worked by temporary staff on tasks related to sample, official, provisional and VBM ballots, including ballot layout and design, ballot translation, ballot ordering, sample ballot mailing arrangements, and other. 
salppsurvey	salaries	salpp	Salaries related to polling places (including early voting locations)	Surveying and securing polling places 			Surveying and securing polling places   	Surveying and securing polling places includes contract preparation, arrangements for insurance, arranging access for disabled voters, and other task performed by in-house staff.
salpporder	salaries	salpp	Salaries related to polling places (including early voting locations)	Ordering equipment and polling place supplies			Ordering equipment and polling place supplies  	Ordering equipment and polling place supplies includes preparation of RFP, contracting, and other task performed by in-house staff.
salppve	salaries	salpp	Salaries related to polling places (including early voting locations)	Assigning voting equipment			Assigning voting equipment  	Assigning voting equipment to polling places by in-house staff.
salppdelve	salaries	salpp	Salaries related to polling places (including early voting locations)	Coordinating, scheduling, delivery and pick-up 			Coordinating, scheduling, delivery and pick-up   	Coordinating, scheduling, delivery and pick-up of voting equipment and supplies to and from the polling place by in-house staff.
salpppay	salaries	salpp	Salaries related to polling places (including early voting locations)	Processing payment 			Processing payment   	In-house processing payments for use of polling sites, delivery services and supplies.
salpppubnot	salaries	salpp	Salaries related to polling places (including early voting locations)	Preparation of public notice			Preparation of public notice  	Preparation of any legal notices or press releases regarding polling place locations by in-house staff.
salppoth	salaries	salpp	Salaries related to polling places (including early voting locations)	Other			Other  	Other in-house labor related to polling places, such as consolidation of precincts, map preparation, voting equipment troubleshooting/service/maintenance, packing polling place supplies, rov administration, polling place supervision/coordination, post-election mop-up, etc.
salpptot	salaries	salpp	Salaries related to polling places (including early voting locations)	Total salaries			Total salaries  	Total salaries for in-house staff performing tasks related to polling places and early voting locations, including surveying and securing polling places, ordering equipment and supplies for polling places, assigning voting equipment, coordinating/scheduling/delivery/pick-up to and from polling places, process polling place related payments, preparation of polling place public notices, and other.
salpppsrp	salaries	salpp	Salaries related to polling places (including early voting locations)	Salaries	Permanent staff - regular pay		Salaries Permanent staff - regular pay 	Permanent staff regular pay for performing tasks related to polling places and early voting locations, including surveying and securing polling places, ordering equipment and supplies for polling places, assigning voting equipment, coordinating/scheduling/delivery/pick-up to and from polling places, process polling place related payments, preparation of polling place public notices, and other.
salpppsop	salaries	salpp	Salaries related to polling places (including early voting locations)	Salaries	Permanent staff - overtime pay		Salaries Permanent staff - overtime pay 	Permanent staff overtime pay for performing tasks related to polling places and early voting locations, including surveying and securing polling places, ordering equipment and supplies for polling places, assigning voting equipment, coordinating/scheduling/delivery/pick-up to and from polling places, process polling place related payments, preparation of polling place public notices, and other.
salpptsrp	salaries	salpp	Salaries related to polling places (including early voting locations)	Salaries	Temporary staff - regular pay		Salaries Temporary staff - regular pay 	Temporary staff regular pay for performing tasks related to polling places and early voting locations, including surveying and securing polling places, ordering equipment and supplies for polling places, assigning voting equipment, coordinating/scheduling/delivery/pick-up to and from polling places, process polling place related payments, preparation of polling place public notices, and other.
salpptsop	salaries	salpp	Salaries related to polling places (including early voting locations)	Salaries	Temporary staff - overtime pay		Salaries Temporary staff - overtime pay 	Temporary staff overtime pay for performing tasks related to polling places and early voting locations, including surveying and securing polling places, ordering equipment and supplies for polling places, assigning voting equipment, coordinating/scheduling/delivery/pick-up to and from polling places, process polling place related payments, preparation of polling place public notices, and other.
salpptotbe	salaries	salpp	Salaries related to polling places (including early voting locations)	Total benefits - in dollars			Total benefits - in dollars  	Total benefits in dollars for in-house staff performing tasks related to polling places and early voting locations, including surveying and securing polling places, ordering equipment and supplies for polling places, assigning voting equipment, coordinating/scheduling/delivery/pick-up to and from polling places, process polling place related payments, preparation of polling place public notices, and other. 
salpptotbep	salaries	salpp	Salaries related to polling places (including early voting locations)	Total benefits - in percent			Total benefits - in percent  	Total benefits in percent for in-house staff performing tasks related to polling places and early voting locations, including surveying and securing polling places, ordering equipment and supplies for polling places, assigning voting equipment, coordinating/scheduling/delivery/pick-up to and from polling places, process polling place related payments, preparation of polling place public notices, and other.
salppbeps	salaries	salpp	Salaries related to polling places (including early voting locations)	Benefits	Permanent staff - in dollars		Benefits Permanent staff - in dollars 	Total benefits in dollars for permanent staff performing tasks related to polling places and early voting locations, including surveying and securing polling places, ordering equipment and supplies for polling places, assigning voting equipment, coordinating/scheduling/delivery/pick-up to and from polling places, process polling place related payments, preparation of polling place public notices, and other. 
salppbepsp	salaries	salpp	Salaries related to polling places (including early voting locations)	Benefits	Permanent staff - in percent		Benefits Permanent staff - in percent 	Total benefits in percent for permanent staff performing tasks related to polling places and early voting locations, including surveying and securing polling places, ordering equipment and supplies for polling places, assigning voting equipment, coordinating/scheduling/delivery/pick-up to and from polling places, process polling place related payments, preparation of polling place public notices, and other.
salppbets	salaries	salpp	Salaries related to polling places (including early voting locations)	Benefits	Temporary staff  - in dollars		Benefits Temporary staff  - in dollars 	Total benefits in dollars for temporary staff performing tasks related to polling places and early voting locations, including surveying and securing polling places, ordering equipment and supplies for polling places, assigning voting equipment, coordinating/scheduling/delivery/pick-up to and from polling places, process polling place related payments, preparation of polling place public notices, and other. 
salppbetsp	salaries	salpp	Salaries related to polling places (including early voting locations)	Benefits	Temporary staff - in percent		Benefits Temporary staff - in percent 	Total benefits in percent for temporary staff performing tasks related to polling places and early voting locations, including surveying and securing polling places, ordering equipment and supplies for polling places, assigning voting equipment, coordinating/scheduling/delivery/pick-up to and from polling places, process polling place related payments, preparation of polling place public notices, and other.
salpptothrs	salaries	salpp	Salaries related to polling places (including early voting locations)	Total hours worked			Total hours worked  	Total hours worked by in-house staff on tasks related to polling places and early voting locations, including surveying and securing polling places, ordering equipment and supplies for polling places, assigning voting equipment, coordinating/scheduling/delivery/pick-up to and from polling places, process polling place related payments, preparation of polling place public notices, and other.
salpphrsps	salaries	salpp	Salaries related to polling places (including early voting locations)	Hours worked	Permanent staff		Hours worked Permanent staff 	Hours worked by permanent staff on tasks related to polling places and early voting locations, including surveying and securing polling places, ordering equipment and supplies for polling places, assigning voting equipment, coordinating/scheduling/delivery/pick-up to and from polling places, process polling place related payments, preparation of polling place public notices, and other.
salpphrsts	salaries	salpp	Salaries related to polling places (including early voting locations)	Hours worked	Temporary staff		Hours worked Temporary staff 	Hours worked by temporary staff on tasks related to polling places and early voting locations, including surveying and securing polling places, ordering equipment and supplies for polling places, assigning voting equipment, coordinating/scheduling/delivery/pick-up to and from polling places, process polling place related payments, preparation of polling place public notices, and other.
salpwrec	salaries	salpw	Salaries related to poll workers (including early voting locations)	Poll worker recruitment in-house 			Poll worker recruitment in-house   	Includes preparation of recruitment and availability letters and recruitment notices, meetings with large employers/schools/government entities about poll worker recruitment, etc.
salpwdvtrain	salaries	salpw	Salaries related to poll workers (including early voting locations)	Development of poll worker training in-house			Development of poll worker training in-house  	In-house development of training manual and audio-visual aids for poll worker training.
salpwtrain	salaries	salpw	Salaries related to poll workers (including early voting locations)	Poll worker training in-house			Poll worker training in-house  	Scheduling and conducting poll worker training by in-house staff.
salpwpay	salaries	salpw	Salaries related to poll workers (including early voting locations)	Poll worker payroll processing in-house			Poll worker payroll processing in-house  	Processing poll worker payroll by in-house staff.
salpwoth	salaries	salpw	Salaries related to poll workers (including early voting locations)	Other 			Other   	Other in-house labor related to poll workers, such as: poll worker assignment and coordination, poll worker manual update, arranging for training facilities/equipment/supplies, poll worker evaluation, etc.
salpwtot	salaries	salpw	Salaries related to poll workers (including early voting locations)	Total salaries			Total salaries  	Total salaries for in-house staff performing tasks related to poll workers, including poll worker recruitment, development of poll worker training, poll worker training, poll worker payroll processing, and other.
salpwpsrp	salaries	salpw	Salaries related to poll workers (including early voting locations)	Salaries	Permanent staff - regular pay		Salaries Permanent staff - regular pay 	Permanent staff regular pay for performing tasks related to poll workers, including poll worker recruitment, development of poll worker training, poll worker training, poll worker payroll processing, and other.
salpwpsop	salaries	salpw	Salaries related to poll workers (including early voting locations)	Salaries	Permanent staff - overtime pay		Salaries Permanent staff - overtime pay 	Permanent staff overtime pay for performing tasks related to poll workers, including poll worker recruitment, development of poll worker training, poll worker training, poll worker payroll processing, and other.
salpwtsrp	salaries	salpw	Salaries related to poll workers (including early voting locations)	Salaries	Temporary staff - regular pay		Salaries Temporary staff - regular pay 	Temporary staff regular pay for performing tasks related to poll workers, including poll worker recruitment, development of poll worker training, poll worker training, poll worker payroll processing, and other.
salpwrtsop	salaries	salpw	Salaries related to poll workers (including early voting locations)	Salaries	Temporary staff - overtime pay		Salaries Temporary staff - overtime pay 	Temporary staff overtime pay for performing tasks related to poll workers, including poll worker recruitment, development of poll worker training, poll worker training, poll worker payroll processing, and other.
salpwtotbe	salaries	salpw	Salaries related to poll workers (including early voting locations)	Total benefits - in dollars			Total benefits - in dollars  	Total benefits in dollars for in-house staff performing tasks related to poll workers, including poll worker recruitment, development of poll worker training, poll worker training, poll worker payroll processing, and other.  
salpwtotbep	salaries	salpw	Salaries related to poll workers (including early voting locations)	Total benefits - in percent			Total benefits - in percent  	Total benefits in percent for in-house staff performing tasks related to poll workers, including poll worker recruitment, development of poll worker training, poll worker training, poll worker payroll processing, and other.  
salpwbeps	salaries	salpw	Salaries related to poll workers (including early voting locations)	Benefits	Permanent staff - in dollars		Benefits Permanent staff - in dollars 	Total benefits in dollars for permanent staff performing tasks related to poll workers, including poll worker recruitment, development of poll worker training, poll worker training, poll worker payroll processing, and other.  
salpwbepsp	salaries	salpw	Salaries related to poll workers (including early voting locations)	Benefits	Permanent staff - in percent		Benefits Permanent staff - in percent 	Total benefits in percent for permanent staff performing tasks related to poll workers, including poll worker recruitment, development of poll worker training, poll worker training, poll worker payroll processing, and other.  
salpwbets	salaries	salpw	Salaries related to poll workers (including early voting locations)	Benefits	Temporary staff  - in dollars		Benefits Temporary staff  - in dollars 	Total benefits in dollars for temporary staff performing tasks related to poll workers, including poll worker recruitment, development of poll worker training, poll worker training, poll worker payroll processing, and other.  
salpwbetsp	salaries	salpw	Salaries related to poll workers (including early voting locations)	Benefits	Temporary staff - in percent		Benefits Temporary staff - in percent 	Total benefits in percent for temporary staff performing tasks related to poll workers, including poll worker recruitment, development of poll worker training, poll worker training, poll worker payroll processing, and other.  
salpwtothrs	salaries	salpw	Salaries related to poll workers (including early voting locations)	Total hours worked			Total hours worked  	Total hours worked by in-house staff on tasks related to poll workers, including poll worker recruitment, development of poll worker training, poll worker training, poll worker payroll processing, and other.
salpwhrsps	salaries	salpw	Salaries related to poll workers (including early voting locations)	Hours worked	Permanent staff		Hours worked Permanent staff 	Hours worked by permanent staff on tasks related to poll workers, including poll worker recruitment, development of poll worker training, poll worker training, poll worker payroll processing, and other.
salpwhrsts	salaries	salpw	Salaries related to poll workers (including early voting locations)	Hours worked	Temporary staff		Hours worked Temporary staff 	Hours worked by temporary staff on tasks related to poll workers, including poll worker recruitment, development of poll worker training, poll worker training, poll worker payroll processing, and other.
salvbmoutr	salaries	salvbm	Salaries related to VBM	Outreach activities			Outreach activities  	Outreach activities related to VBM and performed by in-house staff.
salvbmappro	salaries	salvbm	Salaries related to VBM	VBM application processing			VBM application processing  	In-house data entry of VBM applications, including permanent VBM. 
salvbmuoapp	salaries	salvbm	Salaries related to VBM	Military/oversees application processing			Military/oversees application processing  	Data entry of military/oversees applications and updates performed by in-house staff.
salvbmusps	salaries	salvbm	Salaries related to VBM	Coordination with USPS 			Coordination with USPS   	Coordinating with USPS by in-house staff includes: meetings with postal authority, deposits of funds to postal accounts, tracing ballots, etc.
salvbmproces	salaries	salvbm	Salaries related to VBM	Processing VBM ballots			Processing VBM ballots  	Processing VBM ballots by in-house staff includes: VBM packets preparation, returned ballots processing, signature check, tally prep, ballot error activities, etc.
salvbmoth	salaries	salvbm	Salaries related to VBM	Other 			Other   	Other in-house labor related to VBM, such as: designing and printing forms, ballot on demand activities, data entry of returned VBM ballots, quality control, arrangements with other mail processing services, phone assistance, SB90 claim compilation, etc. 
salvbmtot	salaries	salvbm	Salaries related to VBM	Total salaries			Total salaries  	Total salaries for in-house staff performing tasks related to VBM, including VBM outreach activities, VBM application processing, military/oversees application processing, coordinating with USPS, processing VBM ballots and other.
salvbmpsrp	salaries	salvbm	Salaries related to VBM	Salaries	Permanent staff - regular pay		Salaries Permanent staff - regular pay 	Permanent staff regular pay for performing tasks related to VBM, including VBM outreach activities, VBM application processing, military/oversees application processing, coordinating with USPS, processing VBM ballots and other.
salvbmpsop	salaries	salvbm	Salaries related to VBM	Salaries	Permanent staff - overtime pay		Salaries Permanent staff - overtime pay 	Permanent staff overtime pay for performing tasks related to VBM, including VBM outreach activities, VBM application processing, military/oversees application processing, coordinating with USPS, processing VBM ballots and other.
salvbmtsrp	salaries	salvbm	Salaries related to VBM	Salaries	Temporary staff - regular pay		Salaries Temporary staff - regular pay 	Temporary staff regular pay for performing tasks related to VBM, including VBM outreach activities, VBM application processing, military/oversees application processing, coordinating with USPS, processing VBM ballots and other.
salvbmtsop	salaries	salvbm	Salaries related to VBM	Salaries	Temporary staff - overtime pay		Salaries Temporary staff - overtime pay 	Temporary staff overtime pay for performing tasks related to VBM, including VBM outreach activities, VBM application processing, military/oversees application processing, coordinating with USPS, processing VBM ballots and other.
salvbmtotbe	salaries	salvbm	Salaries related to VBM	Total benefits - in dollars			Total benefits - in dollars  	Total benefits in dollars for in-house staff performing tasks related to VBM, including VBM outreach activities, VBM application processing, military/oversees application processing, coordinating with USPS, processing VBM ballots and other.  
salvbmtotbep	salaries	salvbm	Salaries related to VBM	Total benefits - in percent			Total benefits - in percent  	Total benefits in percent for in-house staff performing tasks related to VBM, including VBM outreach activities, VBM application processing, military/oversees application processing, coordinating with USPS, processing VBM ballots and other. 
salvbmbeps	salaries	salvbm	Salaries related to VBM	Benefits	Permanent staff - in dollars		Benefits Permanent staff - in dollars 	Total benefits in dollars for permanent staff performing tasks related to VBM, including VBM outreach activities, VBM application processing, military/oversees application processing, coordinating with USPS, processing VBM ballots and other.  
salvbmbepsp	salaries	salvbm	Salaries related to VBM	Benefits	Permanent staff - in percent		Benefits Permanent staff - in percent 	Total benefits in percent for permanent staff performing tasks related to VBM, including VBM outreach activities, VBM application processing, military/oversees application processing, coordinating with USPS, processing VBM ballots and other. 
salvbmbets	salaries	salvbm	Salaries related to VBM	Benefits	Temporary staff  - in dollars		Benefits Temporary staff  - in dollars 	Total benefits in dollars for temporary staff performing tasks related to VBM, including VBM outreach activities, VBM application processing, military/oversees application processing, coordinating with USPS, processing VBM ballots and other.  
salvbmbetsp	salaries	salvbm	Salaries related to VBM	Benefits	Temporary staff - in percent		Benefits Temporary staff - in percent 	Total benefits in percent for temporary staff performing tasks related to VBM, including VBM outreach activities, VBM application processing, military/oversees application processing, coordinating with USPS, processing VBM ballots and other. 
salvbmtothrs	salaries	salvbm	Salaries related to VBM	Total hours worked			Total hours worked  	Total hours worked by in-house staff on tasks related to VBM, including VBM outreach activities, VBM application processing, military/oversees application processing, coordinating with USPS, processing VBM ballots and other.
salvbmhrsps	salaries	salvbm	Salaries related to VBM	Hours worked	Permanent staff		Hours worked Permanent staff 	Hours worked by permanent staff on tasks related to VBM, including VBM outreach activities, VBM application processing, military/oversees application processing, coordinating with USPS, processing VBM ballots and other.
salvbmhrsts	salaries	salvbm	Salaries related to VBM	Hours worked	Temporary staff		Hours worked Temporary staff 	Hours worked by temporary staff on tasks related to VBM, including VBM outreach activities, VBM application processing, military/oversees application processing, coordinating with USPS, processing VBM ballots and other.
salbcinh	salaries	salbc	Salaries related to ballot counting	Counting ballots in-house			Counting ballots in-house  	Costs to count ballots by in-house staff.
salbcamor	salaries	salbc	Salaries related to ballot counting	Automatic, manual, other recounts			Automatic, manual, other recounts  	Costs to perform automatic, manual, and other recounts by in-house staff.
salbcchca	salaries	salbc	Salaries related to ballot counting	Canvass\/1\% Hand Count/Audit			Canvass\/1\% Hand Count/Audit  	Costs to perform post-election canvass/1% hand count and post-canvas audit by in-house staff.
salbcsec	salaries	salbc	Salaries related to ballot counting	Security			Security  	Costs for in-house security.
sabcoth	salaries	salbc	Salaries related to ballot counting	Other 			Other   	Logic and other testing, arrangements for additional help/vendor support/facilities, purchasing necessary supplies, and other tasks related to ballot counting and performed by in-house staff.
salbctot	salaries	salbc	Salaries related to ballot counting	Total salaries			Total salaries  	Total salaries for in-house staff performing tasks related to ballot counting, including counting ballots in-house, automatic/manual/other recounts, canvss/1% hand count/audit, ballot counting security and other.
salbcpsrp	salaries	salbc	Salaries related to ballot counting	Salaries	Permanent staff - regular pay		Salaries Permanent staff - regular pay 	Permanent staff regular pay for performing tasks related to ballot counting, including counting ballots in-house, automatic/manual/other recounts, canvss/1% hand count/audit, ballot counting security and other.
salbcpsop	salaries	salbc	Salaries related to ballot counting	Salaries	Permanent staff - overtime pay		Salaries Permanent staff - overtime pay 	Permanent staff overtime pay for performing tasks related to ballot counting, including counting ballots in-house, automatic/manual/other recounts, canvss/1% hand count/audit, ballot counting security and other.
salbctsrp	salaries	salbc	Salaries related to ballot counting	Salaries	Temporary staff - regular pay		Salaries Temporary staff - regular pay 	Temporary staff regular pay for performing tasks related to ballot counting, including counting ballots in-house, automatic/manual/other recounts, canvss/1% hand count/audit, ballot counting security and other.
salbctsop	salaries	salbc	Salaries related to ballot counting	Salaries	Temporary staff - overtime pay		Salaries Temporary staff - overtime pay 	Temporary staff overtime pay for performing tasks related to ballot counting, including counting ballots in-house, automatic/manual/other recounts, canvss/1% hand count/audit, ballot counting security and other.
salbctotbe	salaries	salbc	Salaries related to ballot counting	Total benefits - in dollars			Total benefits - in dollars  	Total benefits in dollars for in-house staff performing tasks related to ballot counting, including counting ballots in-house, automatic/manual/other recounts, canvss/1% hand count/audit, ballot counting security and other.  
salbctotbep	salaries	salbc	Salaries related to ballot counting	Total benefits - in percent			Total benefits - in percent  	Total benefits in percent for in-house staff performing tasks related to ballot counting, including counting ballots in-house, automatic/manual/other recounts, canvss/1% hand count/audit, ballot counting security and other. 
salbcbeps	salaries	salbc	Salaries related to ballot counting	Benefits	Permanent staff - in dollars		Benefits Permanent staff - in dollars 	Total benefits in dollars for permanent staff performing tasks related to ballot counting, including counting ballots in-house, automatic/manual/other recounts, canvss/1% hand count/audit, ballot counting security and other.  
salbcbepsp	salaries	salbc	Salaries related to ballot counting	Benefits	Permanent staff - in percent		Benefits Permanent staff - in percent 	Total benefits in percent for permanent staff performing tasks related to ballot counting, including counting ballots in-house, automatic/manual/other recounts, canvss/1% hand count/audit, ballot counting security and other. 
salbcbets	salaries	salbc	Salaries related to ballot counting	Benefits	Temporary staff  - in dollars		Benefits Temporary staff  - in dollars 	Total benefits in dollars for temporary staff performing tasks related to ballot counting, including counting ballots in-house, automatic/manual/other recounts, canvss/1% hand count/audit, ballot counting security and other.  
salbcbetsp	salaries	salbc	Salaries related to ballot counting	Benefits	Temporary staff - in percent		Benefits Temporary staff - in percent 	Total benefits in percent for temporary staff performing tasks related to ballot counting, including counting ballots in-house, automatic/manual/other recounts, canvss/1% hand count/audit, ballot counting security and other. 
salbctothrs	salaries	salbc	Salaries related to ballot counting	Total hours worked			Total hours worked  	Total hours worked by in-house staff on tasks related to ballot counting, including counting ballots in-house, automatic/manual/other recounts, canvss/1% hand count/audit, ballot counting security and other.
salbchrsps	salaries	salbc	Salaries related to ballot counting	Hours worked	Permanent staff		Hours worked Permanent staff 	Hours worked by permanent staff on tasks related to ballot counting, including counting ballots in-house, automatic/manual/other recounts, canvss/1% hand count/audit, ballot counting security and other.
salbchrsts	salaries	salbc	Salaries related to ballot counting	Hours worked	Temporary staff		Hours worked Temporary staff 	Hours worked by temporary staff on tasks related to ballot counting, including counting ballots in-house, automatic/manual/other recounts, canvss/1% hand count/audit, ballot counting security and other.
salcanprep	salaries	salcan	Salaries related to candidates	Preparation of candidate guide and forms			Preparation of candidate guide and forms  	Preparation of candidate guide and forms by in-house staff.
salcanproc	salaries	salcan	Salaries related to candidates	Processing candidates			Processing candidates  	Processing candidates by In-house staff, including processing candidate filings, preparation/proof of candidate statements, issuing/receiving candidate nomination papers and verifying signatures, processing campaign disclosure statements, etc.
slacanoth	salaries	salcan	Salaries related to candidates	Other 			Other   	Other in-house labor related to candidates, including preparation and training for candidate filing, preparation of candidate related legal notices, etc.
salcantot	salaries	salcan	Salaries related to candidates	Total salaries			Total salaries  	Total salaries for in-house staff performing tasks related to the candidates, including preparation of candidate guide and forms, processing candidates, and other.
salcanpsrp	salaries	salcan	Salaries related to candidates	Salaries	Permanent staff - regular pay		Salaries Permanent staff - regular pay 	Permanent staff regular pay for performing tasks related to the candidates, including preparation of candidate guide and forms, processing candidates, and other.
salcanpsop	salaries	salcan	Salaries related to candidates	Salaries	Permanent staff - overtime pay		Salaries Permanent staff - overtime pay 	Permanent staff overtime pay for performing tasks related to the candidates, including preparation of candidate guide and forms, processing candidates, and other.
salcantsrp	salaries	salcan	Salaries related to candidates	Salaries	Temporary staff - regular pay		Salaries Temporary staff - regular pay 	Temporary staff regular pay for performing tasks related to the candidates, including preparation of candidate guide and forms, processing candidates, and other.
salcantsop	salaries	salcan	Salaries related to candidates	Salaries	Temporary staff - overtime pay		Salaries Temporary staff - overtime pay 	Temporary staff overtime pay for performing tasks related to the candidates, including preparation of candidate guide and forms, processing candidates, and other.
salcanbe	salaries	salcan	Salaries related to candidates	Total benefits - in dollars			Total benefits - in dollars  	Total benefits in dollars for in-house staff performing tasks related to the candidates, including preparation of candidate guide and forms, processing candidates, and other. 
salcanbep	salaries	salcan	Salaries related to candidates	Total benefits - in percent			Total benefits - in percent  	Total benefits in percent for in-house staff performing tasks related to the candidates, including preparation of candidate guide and forms, processing candidates, and other. 
salcanbeps	salaries	salcan	Salaries related to candidates	Benefits	Permanent staff - in dollars		Benefits Permanent staff - in dollars 	Total benefits in dollars for permanent staff performing tasks related to the candidates, including preparation of candidate guide and forms, processing candidates, and other. 
salcanbepsp	salaries	salcan	Salaries related to candidates	Benefits	Permanent staff - in percent		Benefits Permanent staff - in percent 	Total benefits in percent for permanent staff performing tasks related to the candidates, including preparation of candidate guide and forms, processing candidates, and other. 
salcanbets	salaries	salcan	Salaries related to candidates	Benefits	Temporary staff  - in dollars		Benefits Temporary staff  - in dollars 	Total benefits in dollars for temporary staff performing tasks related to the candidates, including preparation of candidate guide and forms, processing candidates, and other. 
salcanbetsp	salaries	salcan	Salaries related to candidates	Benefits	Temporary staff - in percent		Benefits Temporary staff - in percent 	Total benefits in percent for temporary staff performing tasks related to the candidates, including preparation of candidate guide and forms, processing candidates, and other. 
salcantothrs	salaries	salcan	Salaries related to candidates	Total hours worked			Total hours worked  	Total hours worked by in-house staff on tasks related to the candidates, including preparation of candidate guide and forms, processing candidates, and other.
salcanhrsps	salaries	salcan	Salaries related to candidates	Hours worked	Permanent staff		Hours worked Permanent staff 	Hours worked by permanent staff on tasks related to the candidates, including preparation of candidate guide and forms, processing candidates, and other.
salcanhrsts	salaries	salcan	Salaries related to candidates	Hours worked	Temporary staff		Hours worked Temporary staff 	Hours worked by temporary staff on tasks related to the candidates, including preparation of candidate guide and forms, processing candidates, and other.
salmedprep	salaries	salmed	Salaries related to media	Preparation of press releases and legal notices			Preparation of press releases and legal notices  	Preparation of press releases by in-house staff to inform about nomination paper deadlines, voter registration deadlines, early voting option, the date of election and when the polls will be open, rules and laws regarding  media at polling places on Election Day and exit polling, a list of candidates and measures on the ballot, sample ballot, etc.
salmedhandl	salaries	salmed	Salaries related to media	Handling of media inquiries			Handling of media inquiries  	Handling of media inquiries by in-house staff.
salmedtot	salaries	salmed	Salaries related to media	Total salaries			Total salaries  	Total salaries for in-house staff performing tasks related to the media, including preparation of press releases and legal notices, handling of media inquiries, and other.
salmedpsrp	salaries	salmed	Salaries related to media	Salaries	Permanent staff - regular pay		Salaries Permanent staff - regular pay 	Permanent staff regular pay for performing tasks related to the media, including preparation of press releases and legal notices, handling of media inquiries, and other.
salmedpsop	salaries	salmed	Salaries related to media	Salaries	Permanent staff - overtime pay		Salaries Permanent staff - overtime pay 	Permanent staff overtime pay for performing tasks related to the media, including preparation of press releases and legal notices, handling of media inquiries, and other.
salmedtsrp	salaries	salmed	Salaries related to media	Salaries	Temporary staff - regular pay		Salaries Temporary staff - regular pay 	Temporary staff regular pay for performing tasks related to the media, including preparation of press releases and legal notices, handling of media inquiries, and other.
salmedtsop	salaries	salmed	Salaries related to media	Salaries	Temporary staff - overtime pay		Salaries Temporary staff - overtime pay 	Temporary staff overtime pay for performing tasks related to the media, including preparation of press releases and legal notices, handling of media inquiries, and other.
salmedbe	salaries	salmed	Salaries related to media	Total benefits - in dollars			Total benefits - in dollars  	Total benefits in dollars for in-house staff performing tasks related to the media, including preparation of press releases and legal notices, handling of media inquiries, and other. 
salmedbep	salaries	salmed	Salaries related to media	Total benefits - in percent			Total benefits - in percent  	Total benefits in percent for in-house staff performing tasks related to the media, including preparation of press releases and legal notices, handling of media inquiries, and other. 
salmedbeps	salaries	salmed	Salaries related to media	Benefits	Permanent staff - in dollars		Benefits Permanent staff - in dollars 	Total benefits in dollars for permanent staff performing tasks related to the media, including preparation of press releases and legal notices, handling of media inquiries, and other. 
salmedbepsp	salaries	salmed	Salaries related to media	Benefits	Permanent staff - in percent		Benefits Permanent staff - in percent 	Total benefits in percent for permanent staff performing tasks related to the media, including preparation of press releases and legal notices, handling of media inquiries, and other. 
salmedbets	salaries	salmed	Salaries related to media	Benefits	Temporary staff  - in dollars		Benefits Temporary staff  - in dollars 	Total benefits in dollars for temporary staff performing tasks related to the media, including preparation of press releases and legal notices, handling of media inquiries, and other. 
salmedbetsp	salaries	salmed	Salaries related to media	Benefits	Temporary staff - in percent		Benefits Temporary staff - in percent 	Total benefits in percent for temporary staff performing tasks related to the media, including preparation of press releases and legal notices, handling of media inquiries, and other. 
salmedhrs	salaries	salmed	Salaries related to media	Total hours worked			Total hours worked  	Total hours worked by in-house staff on tasks related to the media, including preparation of press releases and legal notices, handling of media inquiries, and other.
salmedhrsps	salaries	salmed	Salaries related to media	Hours worked	Permanent staff		Hours worked Permanent staff 	Hours worked by permanent staff on tasks related to the media, including preparation of press releases and legal notices, handling of media inquiries, and other.
salmedhrsts	salaries	salmed	Salaries related to media	Hours worked	Temporary staff		Hours worked Temporary staff 	Hours worked by temporary staff on tasks related to the media, including preparation of press releases and legal notices, handling of media inquiries, and other.
saldojomc	salaries	saldojo	Salaries related to DOJ and other stakeholders	Meeting and coordination			Meeting and coordination  	Meeting and coordination with DOJ and other stakeholders by in-house staff.
saldojotot	salaries	saldojo	Salaries related to DOJ and other stakeholders	Total salaries			Total salaries  	Total salaries for in-house staff performing tasks related to the DOJ and other stakeholders, including meetings and coordination. 
saldojopsrp	salaries	saldojo	Salaries related to DOJ and other stakeholders	Salaries	Permanent staff - regular pay		Salaries Permanent staff - regular pay 	Permanent staff regular pay for performing tasks related to the DOJ and other stakeholders, including meetings and coordination. 
saldojopsop	salaries	saldojo	Salaries related to DOJ and other stakeholders	Salaries	Permanent staff - overtime pay		Salaries Permanent staff - overtime pay 	Permanent staff overtime pay for performing tasks related to the DOJ and other stakeholders, including meetings and coordination. 
saldojotsrp	salaries	saldojo	Salaries related to DOJ and other stakeholders	Salaries	Temporary staff - regular pay		Salaries Temporary staff - regular pay 	Temporary staff regular pay for performing tasks related to the DOJ and other stakeholders, including meetings and coordination. 
saldojotsop	salaries	saldojo	Salaries related to DOJ and other stakeholders	Salaries	Temporary staff - overtime pay		Salaries Temporary staff - overtime pay 	Temporary staff overtime pay for performing tasks related to the DOJ and other stakeholders, including meetings and coordination. 
saldojobe	salaries	saldojo	Salaries related to DOJ and other stakeholders	Total benefits - in dollars			Total benefits - in dollars  	Total benefits in dollars for in-house staff performing tasks related to the DOJ and other stakeholders, including meetings and coordination. 
saldojobep	salaries	saldojo	Salaries related to DOJ and other stakeholders	Total benefits - in percent			Total benefits - in percent  	Total benefits in percent for in-house staff performing tasks related to the DOJ and other stakeholders, including meetings and coordination. 
saldojobeps	salaries	saldojo	Salaries related to DOJ and other stakeholders	Benefits	Permanent staff - in dollars		Benefits Permanent staff - in dollars 	Total benefits in dollars for permanent staff performing tasks related to the DOJ and other stakeholders, including meetings and coordination. 
saldojobepsp	salaries	saldojo	Salaries related to DOJ and other stakeholders	Benefits	Permanent staff - in percent		Benefits Permanent staff - in percent 	Total benefits in percent for permanent staff performing tasks related to the DOJ and other stakeholders, including meetings and coordination. 
saldojobets	salaries	saldojo	Salaries related to DOJ and other stakeholders	Benefits	Temporary staff  - in dollars		Benefits Temporary staff  - in dollars 	Total benefits in dollars for temporary staff performing tasks related to the DOJ and other stakeholders, including meetings and coordination. 
saldojobetsp	salaries	saldojo	Salaries related to DOJ and other stakeholders	Benefits	Temporary staff - in percent		Benefits Temporary staff - in percent 	Total benefits in percent for temporary staff performing tasks related to the DOJ and other stakeholders, including meetings and coordination. 
saldojohrs	salaries	saldojo	Salaries related to DOJ and other stakeholders	Total hours worked			Total hours worked  	Total hours worked by in-house staff on tasks related to the DOJ and other stakeholders, including meetings and coordination. 
saldojohrsps	salaries	saldojo	Salaries related to DOJ and other stakeholders	Hours worked	Permanent staff		Hours worked Permanent staff 	Hours worked by permanent staff on tasks related to the DOJ and other stakeholders, including meetings and coordination. 
saldojohrsts	salaries	saldojo	Salaries related to DOJ and other stakeholders	Hours worked	Temporary staff		Hours worked Temporary staff 	Hours worked by temporary staff on tasks related to the DOJ and other stakeholders, including meetings and coordination. 
salothvoed	salaries	saloth	Salaries for other election activities	Voter education & outreach			Voter education & outreach  	Voter education and outreach performed by in-house staff in high schools, at community events, etc.
salothvore	salaries	saloth	Salaries for other election activities	Voter registration			Voter registration  	Voter registration performed by in-house staff includes processing new registrations, updating existing voter information, maintaining voter registration affidavits, provisional ballot research, etc.
salothelcal	salaries	saloth	Salaries for other election activities	Preparation of detailed election calendar of events			Preparation of detailed election calendar of events  	Preparation of detailed election calendar of events by in-house staff.
salothstind	salaries	saloth	Salaries for other election activities	Preparation of street indexes			Preparation of street indexes  	Preparation of street indexes by in-house staff.
salothvoros	salaries	saloth	Salaries for other election activities	Preparation of voter rosters			Preparation of voter rosters  	Preparation of voter rosters by in-house staff.
salother	salaries	saloth	Salaries for other election activities	Other 			Other   	Other election activities performed by in-house labor, such as: website updating & maintenance, it administration, phone bank operation, recruitment and training of collection centers/workers, warehouse administration, etc. 
salothtot	salaries	saloth	Salaries for other election activities	Total salaries			Total salaries  	Total salaries for in-house staff performing tasks related to voter education and outreach, voter registration, preparation of detailed election calendar of events, preparation of street indexes, preparation of voter rosters, and other.
salothpsrp	salaries	saloth	Salaries for other election activities	Salaries	Permanent staff - regular pay		Salaries Permanent staff - regular pay 	Permanent staff regular pay for performing tasks related to voter education and outreach, voter registration, preparation of detailed election calendar of events, preparation of street indexes, preparation of voter rosters, and other.
salothpsop	salaries	saloth	Salaries for other election activities	Salaries	Permanent staff - overtime pay		Salaries Permanent staff - overtime pay 	Permanent staff overtime pay for performing tasks related to voter education and outreach, voter registration, preparation of detailed election calendar of events, preparation of street indexes, preparation of voter rosters, and other.
salothtsrp	salaries	saloth	Salaries for other election activities	Salaries	Temporary staff - regular pay		Salaries Temporary staff - regular pay 	Temporary staff regular pay for performing tasks related to voter education and outreach, voter registration, preparation of detailed election calendar of events, preparation of street indexes, preparation of voter rosters, and other.
salothtsop	salaries	saloth	Salaries for other election activities	Salaries	Temporary staff - overtime pay		Salaries Temporary staff - overtime pay 	Temporary staff overtime pay for performing tasks related to voter education and outreach, voter registration, preparation of detailed election calendar of events, preparation of street indexes, preparation of voter rosters, and other.
salothbe	salaries	saloth	Salaries for other election activities	Total benefits - in dollars			Total benefits - in dollars  	Total benefits in dollars for in-house staff performing tasks related to voter education and outreach, voter registration, preparation of detailed election calendar of events, preparation of street indexes, preparation of voter rosters, and other. 
salothbep	salaries	saloth	Salaries for other election activities	Total benefits - in percent			Total benefits - in percent  	Total benefits in percent for in-house staff performing tasks related to voter education and outreach, voter registration, preparation of detailed election calendar of events, preparation of street indexes, preparation of voter rosters, and other. 
salothbeps	salaries	saloth	Salaries for other election activities	Benefits	Permanent staff - in dollars		Benefits Permanent staff - in dollars 	Total benefits in dollars for permanent staff performing tasks related to voter education and outreach, voter registration, preparation of detailed election calendar of events, preparation of street indexes, preparation of voter rosters, and other. 
salothbepsp	salaries	saloth	Salaries for other election activities	Benefits	Permanent staff - in percent		Benefits Permanent staff - in percent 	Total benefits in percent for permanent staff performing tasks related to voter education and outreach, voter registration, preparation of detailed election calendar of events, preparation of street indexes, preparation of voter rosters, and other. 
salothbets	salaries	saloth	Salaries for other election activities	Benefits	Temporary staff  - in dollars		Benefits Temporary staff  - in dollars 	Total benefits in dollars for temporary staff performing tasks related to voter education and outreach, voter registration, preparation of detailed election calendar of events, preparation of street indexes, preparation of voter rosters, and other. 
salothbetsp	salaries	saloth	Salaries for other election activities	Benefits	Temporary staff - in percent		Benefits Temporary staff - in percent 	Total benefits in percent for temporary staff performing tasks related to voter education and outreach, voter registration, preparation of detailed election calendar of events, preparation of street indexes, preparation of voter rosters, and other. 
salothhrs	salaries	saloth	Salaries for other election activities	Total hours worked			Total hours worked  	Total hours worked by in-house staff on tasks related to voter education and outreach, voter registration, preparation of detailed election calendar of events, preparation of street indexes, preparation of voter rosters, and other.
salothhrsps	salaries	saloth	Salaries for other election activities	Hours worked	Permanent staff		Hours worked Permanent staff 	Hours worked by permanent staff on tasks related to voter education and outreach, voter registration, preparation of detailed election calendar of events, preparation of street indexes, preparation of voter rosters, and other.
salothhrsts	salaries	saloth	Salaries for other election activities	Hours worked	Temporary staff		Hours worked Temporary staff 	Hours worked by temporary staff on tasks related to voter education and outreach, voter registration, preparation of detailed election calendar of events, preparation of street indexes, preparation of voter rosters, and other.
ssballayout	services & supplies	ssbal	Ballot printing services and supplies	Ballot layout costs (if done by non-employees)			Ballot layout costs (if done by non-employees)  	Ballot layout performed by a contractor.
ssbaltransl	services & supplies	ssbal	Ballot printing services and supplies	Ballot translation (if done by non-employees)			Ballot translation (if done by non-employees)  	Ballot translation performed by a contractor.
ssbalpri	services & supplies	ssbal	Ballot printing services and supplies	Ballot printing (unless done in-house)			Ballot printing (unless done in-house)  	Ballot printing done by outside printer.
ssbalprisb	services & supplies	ssbal	Ballot printing services and supplies	Ballot printing 	Sample ballot and voter information pamphlet (single language)		Ballot printing  Sample ballot and voter information pamphlet (single language) 	Cost of printing single language sample ballot and voter information pamphlet in the following languages:
ssbalprisben	services & supplies	ssbal	Ballot printing services and supplies	Ballot printing 	Sample ballot and voter information pamphlet (single language)	English	Ballot printing  Sample ballot and voter information pamphlet (single language) English	English
ssbalprisbch	services & supplies	ssbal	Ballot printing services and supplies	Ballot printing 	Sample ballot and voter information pamphlet (single language)	Chinese	Ballot printing  Sample ballot and voter information pamphlet (single language) Chinese	Chinese
ssbalprisbko	services & supplies	ssbal	Ballot printing services and supplies	Ballot printing 	Sample ballot and voter information pamphlet (single language)	Korean	Ballot printing  Sample ballot and voter information pamphlet (single language) Korean	Korean
ssbalprisbsp	services & supplies	ssbal	Ballot printing services and supplies	Ballot printing 	Sample ballot and voter information pamphlet (single language)	Spanish	Ballot printing  Sample ballot and voter information pamphlet (single language) Spanish	Spanish
ssbalrpisbvi	services & supplies	ssbal	Ballot printing services and supplies	Ballot printing 	Sample ballot and voter information pamphlet (single language)	Vietnamese	Ballot printing  Sample ballot and voter information pamphlet (single language) Vietnamese	Vietnamese
ssbalprisbja	services & supplies	ssbal	Ballot printing services and supplies	Ballot printing 	Sample ballot and voter information pamphlet (single language)	Japanese	Ballot printing  Sample ballot and voter information pamphlet (single language) Japanese	Japanese
ssbalprisbta	services & supplies	ssbal	Ballot printing services and supplies	Ballot printing 	Sample ballot and voter information pamphlet (single language)	Tagalog	Ballot printing  Sample ballot and voter information pamphlet (single language) Tagalog	Tagalog
ssbalprisbkh	services & supplies	ssbal	Ballot printing services and supplies	Ballot printing 	Sample ballot and voter information pamphlet (single language)	Khmer	Ballot printing  Sample ballot and voter information pamphlet (single language) Khmer	Khmer
ssbalprisbhi	services & supplies	ssbal	Ballot printing services and supplies	Ballot printing 	Sample ballot and voter information pamphlet (single language)	Hindi	Ballot printing  Sample ballot and voter information pamphlet (single language) Hindi	Hindi
ssbalprisbth	services & supplies	ssbal	Ballot printing services and supplies	Ballot printing 	Sample ballot and voter information pamphlet (single language)	Thai	Ballot printing  Sample ballot and voter information pamphlet (single language) Thai	Thai
ssbalprisbfi	services & supplies	ssbal	Ballot printing services and supplies	Ballot printing 	Sample ballot and voter information pamphlet (single language)	fill-in other languages	Ballot printing  Sample ballot and voter information pamphlet (single language) fill-in other languages	fill-in other languages
ssbalprisbml	services & supplies	ssbal	Ballot printing services and supplies	Ballot printing 	Sample ballot and voter information pamphlets (multiple languages)		Ballot printing  Sample ballot and voter information pamphlets (multiple languages) 	Cost of printing multi-language sample ballot and voter information pamphlet in the following languages (pull down menus that allow selection of language combinations):
ssbalpriob	services & supplies	ssbal	Ballot printing services and supplies	Ballot printing 	Official ballots (single language)		Ballot printing  Official ballots (single language) 	Cost of printing single language official ballots in the following languages: 
ssbalprioben	services & supplies	ssbal	Ballot printing services and supplies	Ballot printing 	Official ballots (single language)	English	Ballot printing  Official ballots (single language) English	English
ssbalpriobch	services & supplies	ssbal	Ballot printing services and supplies	Ballot printing 	Official ballots (single language)	Chinese	Ballot printing  Official ballots (single language) Chinese	Chinese
ssbalpriobko	services & supplies	ssbal	Ballot printing services and supplies	Ballot printing 	Official ballots (single language)	Korean	Ballot printing  Official ballots (single language) Korean	Korean
ssbalpriobsp	services & supplies	ssbal	Ballot printing services and supplies	Ballot printing 	Official ballots (single language)	Spanish	Ballot printing  Official ballots (single language) Spanish	Spanish
ssbalpriobvi	services & supplies	ssbal	Ballot printing services and supplies	Ballot printing 	Official ballots (single language)	Vietnamese	Ballot printing  Official ballots (single language) Vietnamese	Vietnamese
ssbalpriobja	services & supplies	ssbal	Ballot printing services and supplies	Ballot printing 	Official ballots (single language)	Japanese	Ballot printing  Official ballots (single language) Japanese	Japanese
ssbalpriobta	services & supplies	ssbal	Ballot printing services and supplies	Ballot printing 	Official ballots (single language)	Tagalog	Ballot printing  Official ballots (single language) Tagalog	Tagalog
ssbalpriobkh	services & supplies	ssbal	Ballot printing services and supplies	Ballot printing 	Official ballots (single language)	Khmer	Ballot printing  Official ballots (single language) Khmer	Khmer
ssbalpriobhi	services & supplies	ssbal	Ballot printing services and supplies	Ballot printing 	Official ballots (single language)	Hindi	Ballot printing  Official ballots (single language) Hindi	Hindi
ssbalpriobth	services & supplies	ssbal	Ballot printing services and supplies	Ballot printing 	Official ballots (single language)	Thai	Ballot printing  Official ballots (single language) Thai	Thai
ssbalpriobfi	services & supplies	ssbal	Ballot printing services and supplies	Ballot printing 	Official ballots (single language)	fill-in other languages	Ballot printing  Official ballots (single language) fill-in other languages	fill-in other languages
ssbalpriobml	services & supplies	ssbal	Ballot printing services and supplies		Official ballots (multiple languages)		 Official ballots (multiple languages) 	Cost of printing multi-language official ballots in the following languages (pull down menus that allow selection of language combinations): 
ssbalprivbm	services & supplies	ssbal	Ballot printing services and supplies	Printing of VBM envelopes, instructions and other material			Printing of VBM envelopes, instructions and other material  	Cost of printing VBM envelopes, instructions and other VBM material. 
ssbalpriuo	services & supplies	ssbal	Ballot printing services and supplies	Printing of UOCAVA envelopes, instruction and other material			Printing of UOCAVA envelopes, instruction and other material  	Cost of printing UOCAVA envelopes, instructions and other UOCAVA material. 
ssbalpriprot	services & supplies	ssbal	Ballot printing services and supplies	Printing of provisional ballot envelopes - total cost			Printing of provisional ballot envelopes - total cost  	Total cost of printing provisional ballot envelopes.
ssbalpriprou	services & supplies	ssbal	Ballot printing services and supplies	Printing of provisional ballot envelopes - unit cost			Printing of provisional ballot envelopes - unit cost  	Unit cost of printing provisional ballot envelopes.
ssbalpriship	services & supplies	ssbal	Ballot printing services and supplies	Ballot and related material shipping costs 			Ballot and related material shipping costs   	Cost of shipping ballots and related material between the printer and the county. 
ssbalprioth	services & supplies	ssbal	Ballot printing services and supplies	Other			Other  	Other ballot related service and supply costs.
sspossbal	services & supplies	postage	Postage services and supplies	Sample ballot and voter information pamphlet			Sample ballot and voter information pamphlet  	Postage to mail sample ballot and voter information pamphlet to voters (not including UOCAVA).
ssposuo	services & supplies	postage	Postage services and supplies	UOCAVA sample and official ballot and other mailings			UOCAVA sample and official ballot and other mailings  	Postage to mail UOCAVA sample and official ballots and other UOCAVA mailings.
ssposvbmo	services & supplies	postage	Postage services and supplies	VBM official ballot - outbound			VBM official ballot - outbound  	Postage to mail VBM official ballots to voters.
ssposvbmi	services & supplies	postage	Postage services and supplies	VBM official ballot - inbound			VBM official ballot - inbound  	Postage to receive voted VBM official ballots.
ssposvbmoth	services & supplies	postage	Postage services and supplies	VBM other mailings			VBM other mailings  	Postage for all other VBM mailings.
ssposoth	services & supplies	postage	Postage services and supplies	Other			Other  	Postage to mail other mailings, including change of address cards, etc.
sspwrec	services & supplies	sspw	Poll worker services and supplies	Recruiting (if contracted out) 			Recruiting (if contracted out)   	Cost of recruiters, postage to mail recruiting info and other communications to potential poll workers, etc.
sspwtrain	services & supplies	sspw	Poll worker services and supplies	Training (if done by non-employees) 			Training (if done by non-employees)   	Cost of training manuals and audio-visual development, rent/purchase of training equipment, rent of training facilities, cost of outside trainers, printing of training hand-outs, etc. 
sspwcomp	services & supplies	sspw	Poll worker services and supplies	Poll worker compensation			Poll worker compensation  	Hourly or daily amount, extra for lead, for attending training, for mileage for return of ballots and supplies, for use of personal cell phone, etc.
sspwoth	services & supplies	sspw	Poll worker services and supplies	Other			Other  	Other poll worker services & supplies, including mileage for staff to attend after hour poll worked training, postage to mail poll worker passes and paychecks, etc.
ssppsurvey	services & supplies	sspp	Polling place services and supplies	Surveying costs (if done by non-employees)			Surveying costs (if done by non-employees)  	Cost of surveying polling places by a contractor. 
sspprent	services & supplies	sspp	Polling place services and supplies	Facility rental			Facility rental  	Cost of renting polling places.
ssppmod	services & supplies	sspp	Polling place services and supplies	Facility modifications 			Facility modifications   	Cost of modifying polling places for voters with disabilities.
ssppdelive	services & supplies	sspp	Polling place services and supplies	Delivery and pick-up 			Delivery and pick-up   	Delivery and pick-up to and from polling place by contractor of voting equipment, tables, chairs, supply kits, etc.
ssppsup	services & supplies	sspp	Polling place services and supplies	Supplies 			Supplies   	All election supplies used at a polling place during an election, including signs, posters, flags, voting booths, rosters, street indexes, supply boxes with contents, office supplies, etc. .
ssppsec	services & supplies	sspp	Polling place services and supplies	Security			Security  	Costs for law enforcement and outside security services.
ssppoth	services & supplies	sspp	Polling place services and supplies	Other services & supplies			Other services & supplies  	Cost of polling place cleaning, insurance, polling place change cards, etc.  Includes staff mileage for delivery/pick-up of supplies to/from polling place. 
ssvehrent	services & supplies	ssveh	Vehicle services and supplies	Rented vehicles			Rented vehicles  	Costs to rent vehicles for election related transportation, excluding polling place deliveries and pick-ups. 
ssvehcount	services & supplies	ssveh	Vehicle services and supplies	County vehicles			County vehicles  	Costs to use county vehicles for election related transportation, excluding polling place deliveries and pick-ups.
ssvehfuel	services & supplies	ssveh	Vehicle services and supplies	Fuel			Fuel  	Costs to purchase fuel for vehicles used for election related transportation, excluding polling place deliveries and pick-ups. 
ssvehins	services & supplies	ssveh	Vehicle services and supplies	Insurance			Insurance  	Costs to insure vehicles used for election related transportation, excluding polling place deliveries and pick-ups.
sscanprint	services & supplies	sscan	Candidate services and supplies	Printing costs			Printing costs  	Costs to print candidate guides, forms, and other candidate materials.
ssmedprint	services & supplies	ssmed	Media services and supplies	Printing costs 			Printing costs   	Costs to print election media kits, press releases, and other media materials.
ssothoutrea	services & supplies	ssoth	Other services and supplies	Outreach activities 			Outreach activities   	Costs to rent booths/tables at events, printing marketing material, purchasing supplies, contracting outside labor for election outreach activities.
ssothbcounth	services & supplies	ssoth	Other services and supplies	Ballot counting by outside help			Ballot counting by outside help  	Costs to contract with outside labor to help with ballot counting.
ssothbcsec	services & supplies	ssoth	Other services and supplies	Ballot counting security			Ballot counting security  	Costs for law enforcement and security services.
ssothwareh	services & supplies	ssoth	Other services and supplies	Warehouse lease and supplies			Warehouse lease and supplies  	Costs to lease warehouse, to contract outside warehouse labor and to purchase warehouse supplies for election purposes. 
ssothelcom	services & supplies	ssoth	Other services and supplies	Election day communication 			Election day communication   	Costs to purchase/lease cell phones, aircards, and other communication equipment for election day.
ssothphbank	services & supplies	ssoth	Other services and supplies	Phone bank operations			Phone bank operations  	Costs to operate election phone bank by outside labor and to purchase phone bank supplies, including headsets, manuals, etc.
ssothwebsite	services & supplies	ssoth	Other services and supplies	Website building/updating/maintenance			Website building/updating/maintenance  	Costs to build/update/maintain the election website by a contractor.
ssothcpst	services & supplies	ssoth	Other services and supplies	Computers/printers/scanners/telephones			Computers/printers/scanners/telephones  	Usage charges for using computers/printers/scanners/telephones for election purposes (exclude capital purchases). Pass if these charges are included in your indirect costs. 
ssothoth	services & supplies	ssoth	Other services and supplies	Other 			Other   	All other election related services and supplies.
